﻿<Ui xmlns="http://www.blizzard.com/wow/ui/">
	<Script file='FramePools.lua'/>
	<Include file='DungeonEnemies.xml'/>
	<Script file='PullOutlines.lua'/>
	<Script file='EnemyInfo.lua'/>
	<Script file='Pointsofinterest.lua'/>
	<Script file='Toolbar.lua'/>
	<Script file='Transmission.lua'/>
	<Script file='LiveSession.lua'/>
	<Script file='Maximize.lua'/>
	<Script file='API.lua'/>
	<Script file='DungeonSelect.lua'/>
	<Script file='Conflicts.lua'/>
	<Script file='ErrorHandling.lua'/>
</Ui>

