<Ui xmlns="http://www.blizzard.com/wow/ui/">
    <Script file='TheStonevault.lua'/>
    <Script file='TheDawnbreaker.lua'/>
    <Script file='GrimBatol.lua'/>
    <Script file='AraKara.lua'/>
    <Script file='CityOfThreads.lua'/>
    <Script file='MistsOfTirnaScithe.lua'/>
    <Script file='SiegeofBoralus.lua'/>
    <Script file='TheNecroticWake.lua'/>
    <Script file='PrioryOfTheSacredFlame.lua'/>
    <Script file='CinderbrewMeadery.lua'/>
    <Script file='DarkflameCleft.lua'/>
    <Script file='TheRookery.lua'/>
    <Script file='OperationFloodgate.lua'/>
    <Script file='TheMotherlode.lua'/>
    <Script file='TheaterOfPain.lua'/>
    <Script file='MechagonWorkshop.lua'/>
    <Script file='TazaveshLower.lua'/>
    <Script file='TazaveshUpper.lua'/>
    <Script file='HallsOfAtonement.lua'/>
    <Script file='EcoDomeAldani.lua'/>
</Ui>
